"Issue Type","Issue Key","Summary","Description","Epic Name","Epic Link","Priority","Story Points","Sprint","Status","Acceptance Criteria"
"Epic","FIND-EPIC-01","Application Development","Core Lost and Found full-stack application modules for campus community","Application Development","","High","","","Done","All user-facing CRUD modules, search filtering, and rule-based matching engine implemented and functional."
"Epic","FIND-EPIC-02","DevOps Pipeline & Automation","Complete CI/CD, Containerization, Provisioning and Orchestration pipeline for Experiments 1 through 7","DevOps Pipeline","","High","","","Done","All syllabus DevOps experiments integrated into one cohesive automated delivery workflow."
"Story","FIND-01","Report Lost Item Module","As a college student who lost an item, I want to submit a detailed report so that anyone who finds it can return it.","","FIND-EPIC-01","High","5","Sprint 1","Done","Form accepts title, category, description, location, date, optional image, contact info (name, email, phone). Creates item with type=LOST, status=ACTIVE."
"Story","FIND-02","Report Found Item Module","As a finder of a lost item, I want to submit a report with item details and location so the rightful owner can locate it.","","FIND-EPIC-01","High","5","Sprint 1","Done","Form accepts identical fields with type=FOUND, status=ACTIVE. Validates email and phone. Returns 201 Created."
"Story","FIND-03","Search and Filter Items","As a user, I want to search reported items with keyword search and category/location/type filters so I can quickly identify items.","","FIND-EPIC-01","High","3","Sprint 1","Done","Search bar searches title and description. Dropdown filters for category, location, and type (LOST/FOUND). Fast responsive card display."
"Story","FIND-04","View Item Details and Contact Info","As a user, I want to view the complete details of an item along with safe contact details to verify ownership.","","FIND-EPIC-01","Medium","2","Sprint 1","Done","Dedicated item detail view showing full metadata, reporter contact card, report date, and status badge."
"Task","FIND-06","Git Repository & Branching Workflow Setup","Configure Git repository, base branches (main, develop), feature branch conventions, PR template, and commit conventions.","","FIND-EPIC-02","Highest","3","Sprint 1","Done","Repo initialized with .gitignore, README.md, develop and feature branches, PR template, and Conventional Commit standard enforced."
"Story","FIND-05","Rule-Based Item Matching Engine","As a user, I want the system to automatically compare newly reported items against opposite items and display a 'Possible Match' banner when score > 60%.","","FIND-EPIC-01","High","5","Sprint 2","Done","Matching engine scores: Category 30%, Title 30%, Location 25%, Description 15%. If score > 60%, match record created and 'Possible Match' banner rendered."
"Task","FIND-07","Continuous Integration Pipeline with GitHub Actions","Implement GitHub Actions workflow to run linting, unit/API tests against a PostgreSQL container, build frontend, and verify Docker builds on push/PR.","","FIND-EPIC-02","High","5","Sprint 2","Done","ci.yml executes on push/PR to main/develop. Passing checks gate pull requests. Status badge embedded in README."
"Task","FIND-08","Containerization with Multi-Stage Dockerfiles","Build secure, lightweight multi-stage Dockerfiles for backend and frontend with non-root user and healthchecks.","","FIND-EPIC-02","Medium","3","Sprint 2","Done","Multi-stage builds using node:20-alpine. Non-root user node. Built-in HEALTHCHECK on both images."
"Task","FIND-09","Multi-Service Orchestration with Docker Compose","Configure docker-compose.yml for frontend, backend, and postgres services with isolated networks, persistent volumes, and health-dependent startup.","","FIND-EPIC-02","High","5","Sprint 2","Done","docker-compose.yml brings up 3 services. Uses condition: service_healthy for ordered startup. Database data persists across restarts."
"Task","FIND-10","Host Provisioning and Configuration with Ansible","Create Ansible playbooks and roles to configure Docker, dependencies, application deployment directory, and launch containers idempotently.","","FIND-EPIC-02","High","5","Sprint 2","Done","roles/docker and roles/app created. Playbook passes syntax check. Second run returns changed=0 proving idempotence."
"Task","FIND-11","Kubernetes Deployments and Probes","Deploy PostgreSQL with PVC, Backend with 2 replicas and health probes, and Frontend on Kubernetes with ConfigMaps and Secrets.","","FIND-EPIC-02","High","5","Sprint 2","Done","Standard K8s manifests in k8s/. Backend runs 2 replicas with liveness and readiness probes on /health. PersistentVolumeClaim bound for DB."
"Task","FIND-12","Kubernetes Service Routing, Scaling & Self-Healing","Expose services via ClusterIP and NodePort, verify horizontal scaling to 3 replicas, zero-downtime rolling updates, and self-healing pod recovery.","","FIND-EPIC-02","Medium","3","Sprint 2","Done","kubectl scale scales backend to 3 replicas. Deleting a pod triggers instant self-healing. Rolling update and undo demonstrated."
